<?xml version="1.0" encoding="UTF-8"?>
<manifest identifier="MANIFEST-U1-T1" version="1.2"
  xmlns="http://www.imsproject.org/xsd/imscp_rootv1p1p2"
  xmlns:adlcp="http://www.adlnet.org/xsd/adlcp_rootv1p2"
  xmlns:xsi="http://www.w3.org/2001/XMLSchema-instance"
  xsi:schemaLocation="http://www.imsproject.org/xsd/imscp_rootv1p1p2 imscp_rootv1p1p2.xsd http://www.adlnet.org/xsd/adlcp_rootv1p2 adlcp_rootv1p2.xsd">
  <organizations default="ORG-U1-T1">
    <organization identifier="ORG-U1-T1" structure="hierarchical">
      <title>Unidad 1 · Tema 1 — Concepto e importancia de los algoritmos</title>
      <item identifier="ITEM-U1-T1" identifierref="RES-U1-T1">
        <title>Unidad 1 · Tema 1</title>
      </item>
    </organization>
  </organizations>
  <resources>
    <resource identifier="RES-U1-T1" type="webcontent" adlcp:scormtype="sco" href="index.html">
      <file href="index.html"/>
      <file href="styles.css"/>
      <file href="script.js"/>
      <file href="scorm.js"/>
    </resource>
  </resources>
</manifest>
